Post_id,Platform,Username,Movie_title,Post_text,Likes,Rating,Sentiment,Timestamp,Post_day,Day_type,Rating_Review
P2000,Twitter,User_513,Joker,Just watched Joker  intense slow bad amazing great amazing great beautiful amazing   Joker,662,5.3,Positive,25-01-2025 12:36,Saturday,Weekend,Average
P2001,IMDB,User_687,Inception,Review of Inception  beautiful exciting amazing slow boring boring exciting confusing boring  Overall  it felt disappointing ,9621,1.5,Negative,25-03-2025 12:36,Tuesday,Weekday,Flop
P2002,Twitter,User_222,Dune,Just watched Dune  intense great slow bad exciting slow bad great amazing great   Dune,721,4,Negative,29-06-2025 12:36,Sunday,Weekend,Flop
P2003,Reddit,User_601,Inception,What are your thoughts on Inception  exciting confusing exciting well acted beautiful slow boring exciting amazing amazing intense ,4541,5.3,Positive,30-11-2024 12:36,Saturday,Weekend,Average
P2004,Twitter,User_693,Avengers Endgame,Just watched Avengers Endgame  amazing intense amazing exciting confusing exciting boring confusing great   AvengersEndgame,507,8.8,Negative,20-06-2025 12:36,Friday,Weekday,Blockbuster
P2005,IMDB,User_442,Dune,Review of Dune  great beautiful well acted confusing intense slow well acted exciting exciting intense  Overall  it felt average ,3831,3.7,Neutral,27-01-2025 12:36,Monday,Weekday,Flop
P2006,IMDB,User_553,Joker,Review of Joker  exciting exciting intense amazing confusing bad slow beautiful  Overall  it felt disappointing ,2809,5.3,Negative,04-10-2024 12:36,Friday,Weekday,Average
P2007,Twitter,User_239,Joker,Just watched Joker  exciting amazing slow exciting exciting slow intense well acted amazing beautiful beautiful   Joker,4912,4.8,Neutral,18-05-2025 12:36,Sunday,Weekend,Flop
P2008,YouTube,User_574,Joker,My quick thoughts on Joker  confusing confusing well acted bad boring exciting slow well acted bad amazing amazing  More details in full video ,7677,5.3,Negative,19-08-2024 12:36,Monday,Weekday,Average
P2009,Twitter,User_796,Inception,Just watched Inception  well acted well acted slow confusing confusing boring bad well acted great confusing bad boring amazing   Inception,1242,5.3,Negative,30-01-2025 12:36,Thursday,Weekday,Average
P2010,Twitter,User_91,Oppenheimer,Just watched Oppenheimer  confusing slow well acted well acted amazing well acted exciting exciting   Oppenheimer,8793,5.3,Positive,16-08-2024 12:36,Friday,Weekday,Average
P2011,YouTube,User_25,Dune,My quick thoughts on Dune  intense well acted beautiful intense well acted intense  More details in full video ,7745,2.6,Neutral,10-08-2024 12:36,Saturday,Weekend,Flop
P2012,YouTube,User_376,Dune,My quick thoughts on Dune  beautiful boring amazing beautiful amazing bad great amazing beautiful bad confusing beautiful confusing  More details in full video ,1089,5.3,Negative,08-03-2025 12:36,Saturday,Weekend,Average
P2013,YouTube,User_326,Interstellar,My quick thoughts on Interstellar  boring great bad beautiful confusing intense exciting slow exciting exciting confusing exciting boring  More details in full video ,9632,3,Neutral,18-01-2025 12:36,Saturday,Weekend,Flop
P2014,IMDB,User_596,Joker,Review of Joker  great exciting well acted boring well acted boring  Overall  it felt fantastic ,5942,5.3,Positive,10-02-2025 12:36,Monday,Weekday,Average
P2015,YouTube,User_227,Interstellar,My quick thoughts on Interstellar  beautiful slow boring boring well acted boring great well acted well acted beautiful intense  More details in full video ,6042,4,Neutral,01-02-2025 12:36,Saturday,Weekend,Flop
P2016,Twitter,User_492,Joker,Just watched Joker  intense bad bad great intense confusing beautiful confusing great intense intense well acted bad amazing   Joker,723,3.2,Neutral,22-07-2025 12:36,Tuesday,Weekday,Flop
P2017,Twitter,User_633,Interstellar,Just watched Interstellar  intense well acted bad well acted well acted intense confusing   Interstellar,4306,9.7,Positive,30-11-2025 12:36,Sunday,Weekend,Blockbuster
P2018,Reddit,User_326,Oppenheimer,What are your thoughts on Oppenheimer  well acted amazing intense boring intense beautiful great amazing intense ,352,5.3,Neutral,15-11-2025 12:36,Saturday,Weekend,Average
P2019,Twitter,User_725,Oppenheimer,Just watched Oppenheimer  exciting confusing confusing slow exciting slow slow   Oppenheimer,1350,3.8,Positive,07-08-2024 12:36,Wednesday,Weekday,Flop
P2020,IMDB,User_702,Joker,Review of Joker  great slow slow beautiful slow great well acted intense confusing bad amazing confusing  Overall  it felt fantastic ,2803,5.3,Negative,15-01-2025 12:36,Wednesday,Weekday,Average
P2021,Reddit,User_159,Inception,What are your thoughts on Inception  slow amazing slow boring bad slow great exciting slow exciting boring boring well acted ,1660,5.3,Positive,19-03-2025 12:36,Wednesday,Weekday,Average
P2022,Twitter,User_267,Dune,Just watched Dune  boring intense slow amazing beautiful bad great intense exciting exciting confusing exciting   Dune,6860,5.3,Positive,12-05-2025 12:36,Monday,Weekday,Average
P2023,Twitter,User_596,Joker,Just watched Joker  beautiful bad boring boring slow well acted boring beautiful   Joker,1496,5.3,Positive,16-01-2025 12:36,Thursday,Weekday,Average
P2024,Twitter,User_365,Avengers Endgame,Just watched Avengers Endgame  confusing bad intense confusing beautiful exciting boring amazing slow well acted   AvengersEndgame,5053,8.9,Negative,10-06-2025 12:36,Tuesday,Weekday,Blockbuster
P2025,Reddit,User_240,Joker,What are your thoughts on Joker  beautiful bad great great slow amazing ,4783,4.8,Neutral,26-07-2024 12:36,Friday,Weekday,Flop
P2026,Twitter,User_329,Inception,Just watched Inception  beautiful confusing intense boring great intense confusing slow bad confusing slow   Inception,1666,5.3,Negative,08-09-2025 12:36,Monday,Weekday,Average
P2027,YouTube,User_45,Joker,My quick thoughts on Joker  exciting amazing well acted exciting boring slow amazing exciting great confusing exciting  More details in full video ,7076,5.3,Negative,29-07-2025 12:36,Tuesday,Weekday,Average
P2028,IMDB,User_315,Joker,Review of Joker  intense confusing intense beautiful intense exciting slow well acted amazing bad boring well acted exciting bad  Overall  it felt average ,1206,2.7,Negative,20-09-2024 12:36,Friday,Weekday,Flop
P2029,Twitter,User_178,Inception,Just watched Inception  well acted beautiful boring confusing amazing great bad intense bad amazing bad boring confusing intense   Inception,8839,5.6,Positive,21-09-2025 12:36,Sunday,Weekend,Average
P2030,Twitter,User_218,Joker,Just watched Joker  intense confusing boring amazing bad slow beautiful amazing great amazing confusing   Joker,6906,5.3,Neutral,18-09-2025 12:36,Thursday,Weekday,Average
P2031,YouTube,User_170,Joker,My quick thoughts on Joker  beautiful great bad intense great intense boring confusing exciting slow beautiful intense bad  More details in full video ,4116,3.7,Positive,22-08-2024 12:36,Thursday,Weekday,Flop
P2032,Reddit,User_586,Oppenheimer,What are your thoughts on Oppenheimer  great well acted amazing intense exciting well acted boring amazing great slow exciting boring exciting great ,4870,5.3,Neutral,24-04-2025 12:36,Thursday,Weekday,Average
P2033,Twitter,User_114,Avengers Endgame,Just watched Avengers Endgame  intense intense boring beautiful exciting intense bad great confusing beautiful beautiful   AvengersEndgame,3938,1.9,Neutral,19-10-2024 12:36,Saturday,Weekend,Flop
P2034,Twitter,User_476,Avengers Endgame,Just watched Avengers Endgame  amazing beautiful boring bad great bad   AvengersEndgame,4922,9.6,Neutral,02-10-2025 12:36,Thursday,Weekday,Blockbuster
P2035,YouTube,User_398,Dune,My quick thoughts on Dune  bad beautiful amazing confusing beautiful boring intense  More details in full video ,3909,5.3,Positive,13-07-2025 12:36,Sunday,Weekend,Average
P2036,YouTube,User_550,Inception,My quick thoughts on Inception  bad amazing exciting slow bad boring well acted boring well acted intense intense  More details in full video ,7805,5.3,Positive,18-01-2025 12:36,Saturday,Weekend,Average
P2037,YouTube,User_615,Joker,My quick thoughts on Joker  beautiful confusing great confusing intense well acted slow exciting intense  More details in full video ,890,5.3,Negative,21-04-2025 12:36,Monday,Weekday,Average
P2038,IMDB,User_648,Dune,Review of Dune  confusing slow confusing amazing bad beautiful  Overall  it felt average ,1133,3,Positive,03-11-2025 12:36,Monday,Weekday,Flop
P2039,IMDB,User_20,Inception,Review of Inception  confusing amazing slow boring boring bad intense  Overall  it felt disappointing ,1767,2.1,Negative,26-06-2025 12:36,Thursday,Weekday,Flop
P2040,Twitter,User_624,Oppenheimer,Just watched Oppenheimer  great beautiful boring well acted slow bad beautiful confusing   Oppenheimer,5304,5.3,Negative,04-11-2025 12:36,Tuesday,Weekday,Average
P2041,IMDB,User_281,Avengers Endgame,Review of Avengers Endgame  slow well acted well acted confusing boring amazing amazing amazing confusing  Overall  it felt average ,3184,5.3,Neutral,10-11-2024 12:36,Sunday,Weekend,Average
P2042,IMDB,User_557,Interstellar,Review of Interstellar  intense bad boring beautiful exciting well acted slow boring bad beautiful great amazing beautiful confusing  Overall  it felt average ,6863,1.8,Positive,27-03-2025 12:36,Thursday,Weekday,Flop
P2043,YouTube,User_482,Joker,My quick thoughts on Joker  intense beautiful confusing slow exciting confusing beautiful boring confusing  More details in full video ,845,6.5,Negative,31-07-2025 12:36,Thursday,Weekday,Average
P2044,Twitter,User_4,Joker,Just watched Joker  bad slow well acted intense intense exciting intense boring   Joker,8336,5.3,Negative,17-04-2025 12:36,Thursday,Weekday,Average
P2045,IMDB,User_623,Inception,Review of Inception  intense boring slow slow amazing well acted great beautiful intense exciting great great  Overall  it felt fantastic ,7981,5.3,Positive,22-09-2025 12:36,Monday,Weekday,Average
P2046,YouTube,User_414,Inception,My quick thoughts on Inception  intense boring slow well acted slow bad slow great intense intense bad amazing  More details in full video ,4070,4,Neutral,14-02-2025 12:36,Friday,Weekday,Flop
P2047,Twitter,User_307,Oppenheimer,Just watched Oppenheimer  great amazing intense amazing bad well acted confusing confusing boring bad bad confusing amazing   Oppenheimer,7927,5.3,Positive,12-09-2025 12:36,Friday,Weekday,Average
P2048,YouTube,User_600,Inception,My quick thoughts on Inception  exciting amazing boring intense exciting bad well acted great  More details in full video ,2736,1.7,Negative,05-04-2025 12:36,Saturday,Weekend,Flop
P2049,Reddit,User_543,Joker,What are your thoughts on Joker  bad well acted beautiful confusing well acted beautiful exciting well acted slow well acted slow slow ,9405,5.3,Positive,13-08-2025 12:36,Wednesday,Weekday,Average
P2050,Twitter,User_370,Oppenheimer,Just watched Oppenheimer  amazing boring confusing bad confusing amazing well acted   Oppenheimer,2636,5.3,Negative,13-10-2025 12:36,Monday,Weekday,Average
P2051,YouTube,User_194,Interstellar,My quick thoughts on Interstellar  bad bad confusing exciting bad boring bad amazing exciting bad well acted confusing  More details in full video ,3998,1.5,Neutral,07-01-2025 12:36,Tuesday,Weekday,Flop
P2052,YouTube,User_723,Joker,My quick thoughts on Joker  bad boring exciting amazing confusing boring confusing exciting  More details in full video ,2114,5.3,Negative,04-05-2025 12:36,Sunday,Weekend,Average
P2053,Twitter,User_145,Interstellar,Just watched Interstellar  confusing amazing amazing intense well acted exciting confusing boring bad beautiful   Interstellar,73,6.3,Negative,13-12-2024 12:36,Friday,Weekday,Average
P2054,Reddit,User_531,Dune,What are your thoughts on Dune  great exciting intense intense intense amazing great beautiful well acted great slow slow ,2387,5.3,Positive,24-10-2025 12:36,Friday,Weekday,Average
P2055,IMDB,User_80,Avengers Endgame,Review of Avengers Endgame  slow exciting exciting great well acted bad well acted bad well acted  Overall  it felt fantastic ,2526,5.3,Negative,02-03-2025 12:36,Sunday,Weekend,Average
P2056,YouTube,User_627,Dune,My quick thoughts on Dune  exciting well acted confusing confusing bad confusing slow amazing boring  More details in full video ,4779,5.3,Neutral,25-06-2025 12:36,Wednesday,Weekday,Average
P2057,Twitter,User_35,Joker,Just watched Joker  bad intense boring beautiful intense great intense bad intense great great intense boring   Joker,786,7.7,Neutral,08-02-2025 12:36,Saturday,Weekend,Average
P2058,Twitter,User_407,Interstellar,Just watched Interstellar  beautiful beautiful boring bad bad great boring confusing exciting   Interstellar,8416,8.9,Positive,13-02-2025 12:36,Thursday,Weekday,Blockbuster
P2059,Reddit,User_222,Oppenheimer,What are your thoughts on Oppenheimer  intense amazing exciting well acted slow well acted great well acted boring intense ,4747,6.4,Neutral,04-03-2025 12:36,Tuesday,Weekday,Average
P2060,Reddit,User_768,Avengers Endgame,What are your thoughts on Avengers Endgame  amazing well acted exciting slow boring intense exciting well acted ,2590,4.8,Positive,28-11-2024 12:36,Thursday,Weekday,Flop
P2061,Reddit,User_600,Avengers Endgame,What are your thoughts on Avengers Endgame  exciting well acted exciting beautiful intense intense amazing ,2865,5.3,Positive,28-07-2024 12:36,Sunday,Weekend,Average
P2062,IMDB,User_73,Inception,Review of Inception  great slow exciting slow boring beautiful boring confusing confusing bad confusing bad exciting  Overall  it felt disappointing ,672,5.3,Positive,22-03-2025 12:36,Saturday,Weekend,Average
P2063,IMDB,User_178,Avengers Endgame,Review of Avengers Endgame  beautiful beautiful amazing great exciting exciting confusing boring bad well acted confusing great great intense  Overall  it felt average ,1591,5.3,Neutral,14-12-2024 12:36,Saturday,Weekend,Average
P2064,IMDB,User_799,Interstellar,Review of Interstellar  intense confusing well acted well acted boring great boring bad well acted exciting bad exciting beautiful  Overall  it felt fantastic ,6321,8.9,Negative,16-08-2024 12:36,Friday,Weekday,Blockbuster
P2065,Twitter,User_500,Joker,Just watched Joker  great bad boring great intense beautiful well acted bad beautiful confusing   Joker,525,5.3,Negative,24-07-2025 12:36,Thursday,Weekday,Average
P2066,Reddit,User_265,Avengers Endgame,What are your thoughts on Avengers Endgame  well acted great confusing slow bad amazing intense well acted slow exciting well acted intense great ,3930,5.3,Neutral,12-09-2024 12:36,Thursday,Weekday,Average
P2067,IMDB,User_10,Interstellar,Review of Interstellar  great well acted exciting bad boring boring confusing  Overall  it felt disappointing ,6605,5.3,Neutral,20-09-2025 12:36,Saturday,Weekend,Average
P2068,YouTube,User_607,Inception,My quick thoughts on Inception  great great exciting slow confusing beautiful boring well acted confusing boring great bad beautiful beautiful  More details in full video ,8315,6.3,Negative,04-01-2025 12:36,Saturday,Weekend,Average
P2069,Reddit,User_285,Interstellar,What are your thoughts on Interstellar  amazing boring beautiful bad bad boring boring well acted great bad slow boring amazing boring ,3442,2.2,Positive,22-03-2025 12:36,Saturday,Weekend,Flop
P2070,IMDB,User_344,Oppenheimer,Review of Oppenheimer  intense beautiful intense well acted boring exciting confusing  Overall  it felt fantastic ,4003,5.5,Negative,19-11-2024 12:36,Tuesday,Weekday,Average
P2071,YouTube,User_672,Avengers Endgame,My quick thoughts on Avengers Endgame  amazing slow great bad great well acted  More details in full video ,5506,5,Positive,28-01-2025 12:36,Tuesday,Weekday,Average
P2072,Twitter,User_486,Dune,Just watched Dune  well acted confusing amazing boring slow slow intense boring great bad exciting confusing beautiful amazing   Dune,1980,8.7,Negative,11-12-2024 12:36,Wednesday,Weekday,Blockbuster
P2073,YouTube,User_287,Interstellar,My quick thoughts on Interstellar  intense great intense intense boring slow bad slow boring well acted  More details in full video ,773,5.3,Positive,06-12-2024 12:36,Friday,Weekday,Average
P2074,Twitter,User_21,Oppenheimer,Just watched Oppenheimer  beautiful bad amazing well acted bad intense great slow beautiful slow confusing exciting bad   Oppenheimer,7189,5.3,Negative,25-03-2025 12:36,Tuesday,Weekday,Average
P2075,Reddit,User_586,Oppenheimer,What are your thoughts on Oppenheimer  beautiful well acted beautiful confusing great exciting slow intense bad confusing confusing intense beautiful exciting ,7301,5.3,Negative,15-09-2024 12:36,Sunday,Weekend,Average
P2076,YouTube,User_592,Interstellar,My quick thoughts on Interstellar  beautiful great confusing well acted great exciting beautiful boring slow great well acted slow  More details in full video ,9824,6.9,Positive,21-11-2024 12:36,Thursday,Weekday,Average
P2077,Twitter,User_177,Interstellar,Just watched Interstellar  bad boring beautiful amazing bad amazing confusing amazing amazing   Interstellar,5092,5.3,Neutral,22-12-2024 12:36,Sunday,Weekend,Average
P2078,IMDB,User_205,Inception,Review of Inception  beautiful beautiful intense slow great slow intense  Overall  it felt average ,8531,6,Neutral,05-02-2025 12:36,Wednesday,Weekday,Average
P2079,Reddit,User_744,Interstellar,What are your thoughts on Interstellar  great well acted amazing exciting bad confusing boring slow great exciting ,474,2.5,Positive,19-03-2025 12:36,Wednesday,Weekday,Flop
P2080,Reddit,User_608,Joker,What are your thoughts on Joker  beautiful slow slow amazing amazing amazing ,6066,8.5,Neutral,12-08-2024 12:36,Monday,Weekday,Blockbuster
P2081,Reddit,User_468,Oppenheimer,What are your thoughts on Oppenheimer  bad boring beautiful well acted exciting confusing great intense confusing great amazing great great ,8205,5.4,Neutral,11-07-2025 12:36,Friday,Weekday,Average
P2082,Twitter,User_685,Avengers Endgame,Just watched Avengers Endgame  boring well acted boring beautiful slow confusing great slow amazing beautiful confusing confusing boring exciting   AvengersEndgame,8791,5.3,Negative,11-11-2025 12:36,Tuesday,Weekday,Average
P2083,IMDB,User_105,Joker,Review of Joker  beautiful exciting confusing great great bad bad  Overall  it felt average ,410,5.3,Positive,10-01-2025 12:36,Friday,Weekday,Average
P2084,Twitter,User_147,Inception,Just watched Inception  well acted exciting slow confusing confusing great intense boring boring boring bad well acted slow   Inception,9538,5.3,Negative,04-02-2025 12:36,Tuesday,Weekday,Average
P2085,IMDB,User_89,Avengers Endgame,Review of Avengers Endgame  great boring bad bad confusing intense boring intense exciting bad confusing great slow slow  Overall  it felt disappointing ,7724,3.6,Neutral,17-08-2024 12:36,Saturday,Weekend,Flop
P2086,YouTube,User_769,Dune,My quick thoughts on Dune  beautiful well acted great slow slow boring well acted great well acted slow bad amazing  More details in full video ,9755,9.5,Neutral,24-03-2025 12:36,Monday,Weekday,Blockbuster
P2087,IMDB,User_383,Oppenheimer,Review of Oppenheimer  bad great boring well acted boring great great intense  Overall  it felt fantastic ,5600,5.3,Negative,29-10-2025 12:36,Wednesday,Weekday,Average
P2088,YouTube,User_43,Interstellar,My quick thoughts on Interstellar  beautiful intense amazing exciting exciting amazing  More details in full video ,4995,5.3,Neutral,15-11-2024 12:36,Friday,Weekday,Average
P2089,IMDB,User_132,Inception,Review of Inception  amazing amazing beautiful beautiful amazing amazing intense amazing intense amazing amazing  Overall  it felt fantastic ,9969,5.3,Positive,26-11-2025 12:36,Wednesday,Weekday,Average
P2090,IMDB,User_575,Oppenheimer,Review of Oppenheimer  well acted great exciting boring beautiful confusing great  Overall  it felt disappointing ,7878,5.3,Neutral,14-11-2025 12:36,Friday,Weekday,Average
P2091,YouTube,User_724,Joker,My quick thoughts on Joker  well acted beautiful great great confusing well acted slow well acted beautiful amazing intense  More details in full video ,8581,5.3,Negative,07-09-2024 12:36,Saturday,Weekend,Average
P2092,Reddit,User_635,Joker,What are your thoughts on Joker  beautiful bad exciting slow great beautiful beautiful boring boring exciting confusing slow ,4051,5.3,Neutral,09-04-2025 12:36,Wednesday,Weekday,Average
P2093,Reddit,User_787,Avengers Endgame,What are your thoughts on Avengers Endgame  bad amazing amazing beautiful great slow beautiful intense ,2604,1.1,Negative,14-02-2025 12:36,Friday,Weekday,Flop
P2094,Twitter,User_581,Dune,Just watched Dune  well acted exciting confusing confusing great bad great well acted boring beautiful exciting boring bad confusing   Dune,7140,1.7,Neutral,04-06-2025 12:36,Wednesday,Weekday,Flop
P2095,Twitter,User_222,Interstellar,Just watched Interstellar  confusing well acted exciting exciting confusing confusing well acted exciting slow beautiful amazing   Interstellar,5080,4.5,Neutral,06-10-2025 12:36,Monday,Weekday,Flop
P2096,Twitter,User_212,Inception,Just watched Inception  intense exciting beautiful slow bad confusing exciting boring confusing confusing   Inception,651,6.6,Positive,11-08-2025 12:36,Monday,Weekday,Average
P2097,IMDB,User_210,Dune,Review of Dune  exciting amazing great bad great boring beautiful amazing confusing bad amazing intense  Overall  it felt disappointing ,8610,5.3,Neutral,17-10-2025 12:36,Friday,Weekday,Average
P2098,YouTube,User_169,Avengers Endgame,My quick thoughts on Avengers Endgame  intense amazing exciting exciting confusing boring slow  More details in full video ,7467,7.5,Positive,26-08-2025 12:36,Tuesday,Weekday,Average
P2099,Twitter,User_371,Inception,Just watched Inception  great boring boring great slow boring well acted intense boring exciting intense well acted great   Inception,1189,7.1,Neutral,14-06-2025 12:36,Saturday,Weekend,Average
P2100,Reddit,User_635,Interstellar,What are your thoughts on Interstellar  bad amazing exciting beautiful exciting intense bad ,1804,1.9,Positive,08-03-2025 12:36,Saturday,Weekend,Flop
P2101,Twitter,User_703,Oppenheimer,Just watched Oppenheimer  beautiful well acted bad slow intense intense exciting boring exciting amazing   Oppenheimer,9910,5.3,Neutral,27-07-2024 12:36,Saturday,Weekend,Average
P2102,IMDB,User_219,Oppenheimer,Review of Oppenheimer  intense exciting boring well acted bad intense slow exciting  Overall  it felt average ,8258,5.3,Negative,08-02-2025 12:36,Saturday,Weekend,Average
P2103,YouTube,User_661,Dune,My quick thoughts on Dune  slow beautiful confusing great slow confusing  More details in full video ,2831,5.3,Positive,12-04-2025 12:36,Saturday,Weekend,Average
P2104,Twitter,User_338,Avengers Endgame,Just watched Avengers Endgame  amazing intense confusing beautiful great exciting slow well acted bad exciting intense great   AvengersEndgame,1023,3.8,Positive,05-11-2024 12:36,Tuesday,Weekday,Flop
P2105,YouTube,User_592,Inception,My quick thoughts on Inception  bad confusing amazing confusing beautiful confusing amazing intense confusing bad boring boring well acted  More details in full video ,9116,5.3,Negative,30-09-2024 12:36,Monday,Weekday,Average
P2106,YouTube,User_719,Avengers Endgame,My quick thoughts on Avengers Endgame  great bad exciting slow slow well acted well acted exciting confusing well acted  More details in full video ,9310,5.3,Neutral,09-10-2024 12:36,Wednesday,Weekday,Average
P2107,Twitter,User_520,Joker,Just watched Joker  bad amazing bad bad confusing beautiful   Joker,9336,5.3,Neutral,02-12-2024 12:36,Monday,Weekday,Average
P2108,Twitter,User_717,Avengers Endgame,Just watched Avengers Endgame  beautiful bad bad exciting well acted beautiful well acted great well acted amazing well acted   AvengersEndgame,7007,5.3,Neutral,30-04-2025 12:36,Wednesday,Weekday,Average
P2109,Reddit,User_528,Joker,What are your thoughts on Joker  amazing great boring great beautiful well acted intense slow slow exciting great beautiful ,6885,8.7,Negative,10-09-2024 12:36,Tuesday,Weekday,Blockbuster
P2110,YouTube,User_646,Interstellar,My quick thoughts on Interstellar  beautiful exciting intense great great beautiful boring beautiful well acted boring well acted boring  More details in full video ,4792,5.3,Negative,09-06-2025 12:36,Monday,Weekday,Average
P2111,Twitter,User_524,Interstellar,Just watched Interstellar  intense great well acted exciting slow bad bad bad   Interstellar,3783,5.3,Positive,11-11-2025 12:36,Tuesday,Weekday,Average
P2112,YouTube,User_683,Joker,My quick thoughts on Joker  amazing slow bad exciting well acted bad bad exciting beautiful beautiful beautiful exciting bad  More details in full video ,1797,2.5,Neutral,09-09-2025 12:36,Tuesday,Weekday,Flop
P2113,Reddit,User_324,Inception,What are your thoughts on Inception  intense amazing beautiful amazing great beautiful well acted confusing ,1662,5.8,Negative,25-04-2025 12:36,Friday,Weekday,Average
P2114,Reddit,User_333,Oppenheimer,What are your thoughts on Oppenheimer  beautiful well acted well acted confusing slow boring ,9492,9.8,Neutral,01-09-2024 12:36,Sunday,Weekend,Blockbuster
P2115,Reddit,User_288,Joker,What are your thoughts on Joker  confusing boring bad confusing great boring amazing intense confusing ,9992,6.9,Neutral,19-09-2025 12:36,Friday,Weekday,Average
P2116,YouTube,User_20,Interstellar,My quick thoughts on Interstellar  intense beautiful beautiful intense beautiful intense  More details in full video ,3622,9.2,Neutral,25-07-2024 12:36,Thursday,Weekday,Blockbuster
P2117,Reddit,User_420,Avengers Endgame,What are your thoughts on Avengers Endgame  well acted well acted exciting confusing intense slow confusing amazing ,9082,5.3,Neutral,27-11-2024 12:36,Wednesday,Weekday,Average
P2118,Reddit,User_141,Oppenheimer,What are your thoughts on Oppenheimer  amazing boring amazing well acted intense beautiful intense intense ,3579,5.3,Positive,10-11-2024 12:36,Sunday,Weekend,Average
P2119,Twitter,User_677,Avengers Endgame,Just watched Avengers Endgame  slow slow confusing slow amazing slow intense beautiful   AvengersEndgame,729,8.6,Neutral,28-01-2025 12:36,Tuesday,Weekday,Blockbuster
P2120,Twitter,User_365,Joker,Just watched Joker  intense beautiful bad boring great bad exciting   Joker,5083,5.3,Positive,09-01-2025 12:36,Thursday,Weekday,Average
P2121,Twitter,User_365,Joker,Just watched Joker  beautiful great intense great boring slow great   Joker,2164,5.3,Neutral,11-11-2024 12:36,Monday,Weekday,Average
P2122,IMDB,User_754,Dune,Review of Dune  amazing exciting boring beautiful well acted well acted bad great beautiful bad intense intense  Overall  it felt fantastic ,6590,5.3,Positive,02-06-2025 12:36,Monday,Weekday,Average
P2123,Reddit,User_230,Dune,What are your thoughts on Dune  boring slow slow intense bad confusing great slow well acted beautiful intense confusing ,427,9.3,Neutral,16-07-2025 12:36,Wednesday,Weekday,Blockbuster
P2124,YouTube,User_505,Avengers Endgame,My quick thoughts on Avengers Endgame  boring confusing intense beautiful confusing beautiful  More details in full video ,1296,5.3,Neutral,07-11-2024 12:36,Thursday,Weekday,Average
P2125,Reddit,User_294,Inception,What are your thoughts on Inception  confusing well acted amazing great exciting bad exciting confusing confusing beautiful well acted confusing ,9410,5.3,Negative,30-09-2025 12:36,Tuesday,Weekday,Average
P2126,YouTube,User_640,Oppenheimer,My quick thoughts on Oppenheimer  amazing beautiful great confusing beautiful great well acted exciting beautiful confusing well acted great  More details in full video ,8273,5.3,Negative,20-12-2024 12:36,Friday,Weekday,Average
P2127,Reddit,User_583,Dune,What are your thoughts on Dune  confusing confusing boring bad well acted well acted amazing well acted boring well acted exciting ,3308,9,Neutral,07-10-2024 12:36,Monday,Weekday,Blockbuster
P2128,Twitter,User_15,Dune,Just watched Dune  intense great great confusing slow boring amazing intense well acted boring amazing exciting boring intense   Dune,1941,1.5,Negative,07-04-2025 12:36,Monday,Weekday,Flop
P2129,YouTube,User_454,Avengers Endgame,My quick thoughts on Avengers Endgame  exciting well acted confusing well acted great great  More details in full video ,5220,3.9,Neutral,12-09-2025 12:36,Friday,Weekday,Flop
P2130,Twitter,User_100,Avengers Endgame,Just watched Avengers Endgame  confusing intense beautiful slow exciting exciting intense intense well acted intense boring great well acted   AvengersEndgame,2655,6.9,Negative,03-11-2024 12:36,Sunday,Weekend,Average
P2131,YouTube,User_417,Oppenheimer,My quick thoughts on Oppenheimer  boring slow exciting well acted boring amazing beautiful exciting beautiful bad confusing intense slow  More details in full video ,4469,5.3,Negative,17-09-2024 12:36,Tuesday,Weekday,Average
P2132,Reddit,User_496,Joker,What are your thoughts on Joker  great confusing exciting well acted intense well acted slow confusing amazing ,1644,5.3,Neutral,30-10-2025 12:36,Thursday,Weekday,Average
P2133,Reddit,User_612,Joker,What are your thoughts on Joker  amazing exciting great beautiful slow beautiful well acted ,5074,5.3,Positive,17-05-2025 12:36,Saturday,Weekend,Average
P2134,Twitter,User_584,Interstellar,Just watched Interstellar  great beautiful intense confusing boring boring beautiful amazing slow well acted confusing beautiful exciting beautiful   Interstellar,160,5.6,Negative,08-11-2024 12:36,Friday,Weekday,Average
P2135,Reddit,User_710,Oppenheimer,What are your thoughts on Oppenheimer  beautiful great confusing beautiful slow amazing ,9425,4.7,Positive,29-08-2024 12:36,Thursday,Weekday,Flop
P2136,Twitter,User_590,Avengers Endgame,Just watched Avengers Endgame  well acted intense intense exciting bad confusing   AvengersEndgame,8246,9.1,Neutral,11-12-2024 12:36,Wednesday,Weekday,Blockbuster
P2137,Twitter,User_485,Oppenheimer,Just watched Oppenheimer  boring boring beautiful well acted exciting amazing intense   Oppenheimer,8742,5.3,Positive,09-11-2024 12:36,Saturday,Weekend,Average
P2138,IMDB,User_130,Oppenheimer,Review of Oppenheimer  slow great intense exciting exciting exciting boring confusing intense amazing boring  Overall  it felt fantastic ,6508,5.3,Neutral,11-11-2025 12:36,Tuesday,Weekday,Average
P2139,Reddit,User_705,Joker,What are your thoughts on Joker  intense exciting slow boring bad exciting great great ,5571,4,Positive,14-08-2025 12:36,Thursday,Weekday,Flop
P2140,Reddit,User_125,Oppenheimer,What are your thoughts on Oppenheimer  slow beautiful beautiful well acted great amazing beautiful well acted bad ,9772,5.3,Negative,30-08-2024 12:36,Friday,Weekday,Average
P2141,Twitter,User_574,Dune,Just watched Dune  confusing great confusing amazing bad boring great confusing slow great slow beautiful confusing   Dune,6099,3.9,Neutral,24-05-2025 12:36,Saturday,Weekend,Flop
P2142,Twitter,User_12,Inception,Just watched Inception  beautiful intense bad boring amazing intense great confusing beautiful confusing bad exciting   Inception,2896,8.5,Neutral,23-08-2024 12:36,Friday,Weekday,Blockbuster
P2143,YouTube,User_437,Dune,My quick thoughts on Dune  beautiful confusing amazing slow confusing boring great beautiful beautiful boring intense  More details in full video ,6243,5.3,Neutral,05-03-2025 12:36,Wednesday,Weekday,Average
P2144,Twitter,User_425,Interstellar,Just watched Interstellar  boring bad intense confusing beautiful well acted intense amazing intense intense great   Interstellar,5203,5.3,Positive,04-11-2024 12:36,Monday,Weekday,Average
P2145,Reddit,User_472,Inception,What are your thoughts on Inception  great well acted bad beautiful great confusing exciting beautiful great confusing ,96,5.9,Positive,24-03-2025 12:36,Monday,Weekday,Average
P2146,YouTube,User_685,Oppenheimer,My quick thoughts on Oppenheimer  amazing great beautiful well acted boring amazing confusing great  More details in full video ,8617,3.1,Neutral,27-01-2025 12:36,Monday,Weekday,Flop
P2147,Twitter,User_580,Dune,Just watched Dune  intense exciting intense well acted exciting bad slow well acted beautiful intense boring well acted beautiful amazing   Dune,3572,5.3,Positive,09-07-2025 12:36,Wednesday,Weekday,Average
P2148,IMDB,User_2,Interstellar,Review of Interstellar  boring slow confusing intense great slow confusing bad amazing exciting amazing slow intense beautiful  Overall  it felt fantastic ,132,5.3,Neutral,26-01-2025 12:36,Sunday,Weekend,Average
P2149,YouTube,User_483,Inception,My quick thoughts on Inception  intense bad well acted beautiful confusing well acted bad great great boring  More details in full video ,3626,4.2,Positive,21-06-2025 12:36,Saturday,Weekend,Flop
P2150,IMDB,User_221,Avengers Endgame,Review of Avengers Endgame  great bad exciting beautiful slow great great amazing amazing  Overall  it felt fantastic ,4019,5.3,Negative,21-04-2025 12:36,Monday,Weekday,Average
P2151,YouTube,User_439,Oppenheimer,My quick thoughts on Oppenheimer  well acted boring slow amazing boring amazing slow confusing confusing confusing intense intense  More details in full video ,2284,4.5,Neutral,14-11-2025 12:36,Friday,Weekday,Flop
P2152,YouTube,User_6,Oppenheimer,My quick thoughts on Oppenheimer  slow slow beautiful boring boring well acted beautiful exciting well acted boring boring well acted  More details in full video ,1729,7.4,Negative,14-10-2025 12:36,Tuesday,Weekday,Average
P2153,Twitter,User_423,Avengers Endgame,Just watched Avengers Endgame  amazing beautiful beautiful intense well acted confusing intense confusing confusing   AvengersEndgame,78,5.3,Neutral,04-04-2025 12:36,Friday,Weekday,Average
P2154,Twitter,User_62,Avengers Endgame,Just watched Avengers Endgame  great beautiful amazing great great slow slow bad   AvengersEndgame,4188,6,Negative,30-10-2024 12:36,Wednesday,Weekday,Average
P2155,Twitter,User_678,Inception,Just watched Inception  slow confusing confusing amazing amazing bad   Inception,831,9.9,Neutral,07-10-2025 12:36,Tuesday,Weekday,Blockbuster
P2156,IMDB,User_683,Avengers Endgame,Review of Avengers Endgame  amazing beautiful slow exciting exciting amazing slow confusing intense slow confusing  Overall  it felt fantastic ,1016,1.7,Negative,14-06-2025 12:36,Saturday,Weekend,Flop
P2157,IMDB,User_357,Oppenheimer,Review of Oppenheimer  bad boring intense confusing slow beautiful intense slow intense  Overall  it felt average ,2592,2.8,Positive,23-08-2025 12:36,Saturday,Weekend,Flop
P2158,Twitter,User_257,Inception,Just watched Inception  amazing boring beautiful bad amazing intense beautiful amazing boring   Inception,1238,4.2,Negative,29-04-2025 12:36,Tuesday,Weekday,Flop
P2159,YouTube,User_710,Joker,My quick thoughts on Joker  intense intense well acted slow boring amazing slow great slow exciting intense  More details in full video ,8839,8.7,Negative,28-03-2025 12:36,Friday,Weekday,Blockbuster
P2160,Twitter,User_372,Interstellar,Just watched Interstellar  beautiful boring beautiful amazing confusing boring exciting intense confusing bad   Interstellar,3740,5.3,Negative,22-09-2025 12:36,Monday,Weekday,Average
P2161,IMDB,User_533,Interstellar,Review of Interstellar  bad confusing well acted beautiful intense boring beautiful  Overall  it felt average ,3460,5.3,Negative,13-10-2024 12:36,Sunday,Weekend,Average
P2162,Reddit,User_776,Avengers Endgame,What are your thoughts on Avengers Endgame  boring confusing amazing intense intense intense amazing bad bad intense beautiful beautiful beautiful ,9657,5.3,Neutral,01-09-2024 12:36,Sunday,Weekend,Average
P2163,IMDB,User_730,Dune,Review of Dune  amazing boring bad bad amazing beautiful  Overall  it felt disappointing ,9301,5.3,Positive,25-06-2025 12:36,Wednesday,Weekday,Average
P2164,Reddit,User_684,Joker,What are your thoughts on Joker  beautiful exciting bad well acted exciting well acted slow confusing amazing boring boring beautiful slow ,1172,6.2,Negative,30-12-2024 12:36,Monday,Weekday,Average
P2165,YouTube,User_468,Interstellar,My quick thoughts on Interstellar  exciting amazing well acted intense beautiful amazing slow amazing slow amazing boring beautiful intense well acted  More details in full video ,9854,2.3,Positive,25-11-2025 12:36,Tuesday,Weekday,Flop
P2166,IMDB,User_292,Interstellar,Review of Interstellar  well acted boring intense great beautiful exciting amazing boring intense intense slow well acted  Overall  it felt fantastic ,9018,3.9,Positive,27-04-2025 12:36,Sunday,Weekend,Flop
P2167,IMDB,User_188,Inception,Review of Inception  confusing confusing beautiful confusing exciting amazing  Overall  it felt disappointing ,7652,5.3,Negative,30-08-2024 12:36,Friday,Weekday,Average
P2168,YouTube,User_569,Inception,My quick thoughts on Inception  amazing well acted amazing great confusing boring exciting bad  More details in full video ,4064,2,Negative,20-08-2024 12:36,Tuesday,Weekday,Flop
P2169,IMDB,User_560,Joker,Review of Joker  well acted confusing boring amazing well acted confusing intense well acted confusing bad  Overall  it felt disappointing ,9376,5.3,Neutral,13-08-2024 12:36,Tuesday,Weekday,Average
P2170,Twitter,User_656,Oppenheimer,Just watched Oppenheimer  intense great boring boring amazing great slow boring bad slow intense bad great   Oppenheimer,4501,5.3,Negative,20-06-2025 12:36,Friday,Weekday,Average
P2171,IMDB,User_187,Oppenheimer,Review of Oppenheimer  intense beautiful intense intense amazing intense great bad boring beautiful  Overall  it felt disappointing ,4669,5.3,Negative,27-12-2024 12:36,Friday,Weekday,Average
P2172,Twitter,User_61,Avengers Endgame,Just watched Avengers Endgame  intense boring boring confusing exciting exciting boring exciting confusing amazing   AvengersEndgame,4459,9.2,Negative,19-01-2025 12:36,Sunday,Weekend,Blockbuster
P2173,Twitter,User_411,Joker,Just watched Joker  well acted well acted bad beautiful well acted bad slow slow bad beautiful confusing bad   Joker,2536,5.9,Neutral,28-05-2025 12:36,Wednesday,Weekday,Average
P2174,IMDB,User_741,Oppenheimer,Review of Oppenheimer  slow slow exciting beautiful slow beautiful  Overall  it felt fantastic ,6375,8.7,Neutral,10-12-2024 12:36,Tuesday,Weekday,Blockbuster
P2175,IMDB,User_691,Interstellar,Review of Interstellar  amazing great great exciting slow exciting well acted  Overall  it felt average ,4138,5.3,Neutral,04-12-2024 12:36,Wednesday,Weekday,Average
P2176,Reddit,User_272,Inception,What are your thoughts on Inception  bad amazing well acted well acted great confusing slow great great exciting slow beautiful slow well acted ,3069,5.3,Negative,12-10-2025 12:36,Sunday,Weekend,Average
P2177,Reddit,User_364,Avengers Endgame,What are your thoughts on Avengers Endgame  well acted great well acted well acted great exciting ,5921,7.9,Neutral,29-12-2024 12:36,Sunday,Weekend,Average
P2178,IMDB,User_403,Inception,Review of Inception  great exciting well acted amazing beautiful slow great confusing bad slow  Overall  it felt disappointing ,1414,5.3,Neutral,19-03-2025 12:36,Wednesday,Weekday,Average
P2179,Twitter,User_711,Inception,Just watched Inception  great boring beautiful intense exciting beautiful intense great boring amazing   Inception,5771,1.6,Negative,27-05-2025 12:36,Tuesday,Weekday,Flop
P2180,IMDB,User_527,Inception,Review of Inception  intense exciting intense well acted confusing beautiful amazing beautiful amazing well acted beautiful slow boring great  Overall  it felt fantastic ,4122,6.3,Neutral,08-09-2025 12:36,Monday,Weekday,Average
P2181,YouTube,User_699,Joker,My quick thoughts on Joker  exciting beautiful intense confusing great exciting intense well acted  More details in full video ,8282,5.3,Positive,27-09-2025 12:36,Saturday,Weekend,Average
P2182,Reddit,User_697,Inception,What are your thoughts on Inception  beautiful slow great beautiful beautiful bad exciting well acted exciting amazing great confusing ,609,3.9,Negative,08-03-2025 12:36,Saturday,Weekend,Flop
P2183,YouTube,User_169,Interstellar,My quick thoughts on Interstellar  boring well acted beautiful great bad beautiful  More details in full video ,1905,5.3,Positive,08-08-2025 12:36,Friday,Weekday,Average
P2184,Reddit,User_25,Interstellar,What are your thoughts on Interstellar  confusing bad confusing slow amazing amazing slow well acted intense beautiful ,2222,5.3,Positive,11-04-2025 12:36,Friday,Weekday,Average
P2185,Reddit,User_74,Inception,What are your thoughts on Inception  boring great great exciting bad exciting beautiful great exciting boring amazing slow amazing intense ,3924,9.4,Positive,19-08-2024 12:36,Monday,Weekday,Blockbuster
P2186,IMDB,User_493,Dune,Review of Dune  exciting confusing intense great slow confusing beautiful beautiful  Overall  it felt average ,4458,4.5,Negative,20-11-2025 12:36,Thursday,Weekday,Flop
P2187,YouTube,User_397,Interstellar,My quick thoughts on Interstellar  bad confusing bad amazing beautiful confusing bad  More details in full video ,4505,7.4,Neutral,08-05-2025 12:36,Thursday,Weekday,Average
P2188,Reddit,User_134,Dune,What are your thoughts on Dune  intense well acted confusing slow slow amazing great beautiful well acted slow exciting beautiful intense confusing ,7506,5.3,Negative,15-09-2025 12:36,Monday,Weekday,Average
P2189,Reddit,User_536,Inception,What are your thoughts on Inception  confusing exciting intense amazing bad well acted great exciting amazing ,9269,5.3,Neutral,10-04-2025 12:36,Thursday,Weekday,Average
P2190,Reddit,User_467,Inception,What are your thoughts on Inception  boring great boring bad bad confusing intense amazing slow ,7599,5.3,Neutral,09-05-2025 12:36,Friday,Weekday,Average
P2191,Reddit,User_529,Oppenheimer,What are your thoughts on Oppenheimer  bad beautiful slow intense slow bad slow slow bad bad amazing beautiful ,964,5.3,Neutral,10-03-2025 12:36,Monday,Weekday,Average
P2192,IMDB,User_206,Joker,Review of Joker  beautiful well acted confusing bad boring boring intense boring well acted beautiful  Overall  it felt fantastic ,2823,3.9,Negative,21-09-2024 12:36,Saturday,Weekend,Flop
P2193,YouTube,User_614,Avengers Endgame,My quick thoughts on Avengers Endgame  slow slow boring exciting great amazing intense amazing bad  More details in full video ,9273,5.3,Negative,19-10-2024 12:36,Saturday,Weekend,Average
P2194,Reddit,User_503,Joker,What are your thoughts on Joker  intense bad beautiful boring confusing beautiful amazing beautiful well acted ,3984,5.3,Negative,13-09-2024 12:36,Friday,Weekday,Average
P2195,Twitter,User_640,Interstellar,Just watched Interstellar  beautiful great amazing confusing bad slow beautiful intense boring exciting   Interstellar,7691,4.7,Negative,26-07-2024 12:36,Friday,Weekday,Flop
P2196,IMDB,User_253,Avengers Endgame,Review of Avengers Endgame  amazing bad intense exciting exciting intense bad well acted  Overall  it felt disappointing ,5641,5.3,Negative,26-11-2024 12:36,Tuesday,Weekday,Average
P2197,YouTube,User_257,Inception,My quick thoughts on Inception  confusing intense beautiful amazing intense intense confusing amazing bad great boring  More details in full video ,307,3.3,Positive,11-10-2025 12:36,Saturday,Weekend,Flop
P2198,Twitter,User_472,Dune,Just watched Dune  exciting well acted well acted great beautiful amazing intense great well acted amazing boring boring   Dune,368,3.5,Negative,20-08-2025 12:36,Wednesday,Weekday,Flop
P2199,YouTube,User_429,Joker,My quick thoughts on Joker  confusing well acted intense intense exciting amazing beautiful bad  More details in full video ,4689,5.3,Positive,22-02-2025 12:36,Saturday,Weekend,Average
P2200,Twitter,User_153,Interstellar,Just watched Interstellar  bad well acted boring great slow slow exciting well acted bad   Interstellar,3004,9.9,Positive,29-09-2024 12:36,Sunday,Weekend,Blockbuster
P2201,Reddit,User_365,Inception,What are your thoughts on Inception  boring well acted boring bad slow great bad great intense exciting ,914,4.5,Neutral,21-02-2025 12:36,Friday,Weekday,Flop
P2202,YouTube,User_472,Avengers Endgame,My quick thoughts on Avengers Endgame  slow amazing amazing exciting well acted intense  More details in full video ,9530,1.4,Negative,16-12-2024 12:36,Monday,Weekday,Flop
P2203,IMDB,User_724,Oppenheimer,Review of Oppenheimer  well acted exciting slow beautiful bad amazing great amazing bad  Overall  it felt average ,1563,4,Negative,12-03-2025 12:36,Wednesday,Weekday,Flop
P2204,IMDB,User_747,Avengers Endgame,Review of Avengers Endgame  exciting beautiful amazing confusing well acted exciting well acted beautiful slow slow beautiful amazing confusing beautiful  Overall  it felt disappointing ,2417,3.8,Neutral,07-06-2025 12:36,Saturday,Weekend,Flop
P2205,Reddit,User_65,Avengers Endgame,What are your thoughts on Avengers Endgame  amazing bad confusing amazing amazing amazing beautiful ,4652,5.3,Neutral,12-11-2024 12:36,Tuesday,Weekday,Average
P2206,Reddit,User_588,Joker,What are your thoughts on Joker  boring well acted great intense exciting bad beautiful ,7050,3.7,Negative,01-11-2024 12:36,Friday,Weekday,Flop
P2207,YouTube,User_690,Dune,My quick thoughts on Dune  exciting boring beautiful well acted exciting beautiful intense beautiful bad bad amazing  More details in full video ,5770,5.3,Neutral,08-08-2024 12:36,Thursday,Weekday,Average
P2208,IMDB,User_270,Oppenheimer,Review of Oppenheimer  amazing boring boring great well acted boring beautiful beautiful beautiful bad confusing slow beautiful  Overall  it felt fantastic ,6940,5.3,Positive,19-10-2025 12:36,Sunday,Weekend,Average
P2209,IMDB,User_297,Joker,Review of Joker  amazing bad slow exciting bad exciting confusing intense well acted intense boring amazing bad  Overall  it felt disappointing ,8990,5.3,Negative,23-08-2025 12:36,Saturday,Weekend,Average
P2210,Twitter,User_421,Interstellar,Just watched Interstellar  confusing beautiful great amazing bad confusing intense well acted   Interstellar,2539,5.3,Neutral,15-09-2025 12:36,Monday,Weekday,Average
P2211,IMDB,User_713,Inception,Review of Inception  exciting great boring bad exciting intense great great bad  Overall  it felt disappointing ,4861,5.3,Negative,04-11-2024 12:36,Monday,Weekday,Average
P2212,Twitter,User_339,Interstellar,Just watched Interstellar  bad intense slow amazing well acted confusing confusing slow intense well acted slow intense confusing amazing   Interstellar,5296,1.3,Positive,26-09-2025 12:36,Friday,Weekday,Flop
P2213,IMDB,User_443,Oppenheimer,Review of Oppenheimer  confusing beautiful great boring slow amazing intense great confusing confusing  Overall  it felt disappointing ,3459,5.3,Positive,21-04-2025 12:36,Monday,Weekday,Average
P2214,Reddit,User_131,Avengers Endgame,What are your thoughts on Avengers Endgame  boring intense great exciting well acted bad ,9904,6,Neutral,31-03-2025 12:36,Monday,Weekday,Average
P2215,Reddit,User_599,Interstellar,What are your thoughts on Interstellar  confusing exciting well acted confusing beautiful beautiful beautiful bad ,9651,7.7,Positive,02-08-2024 12:36,Friday,Weekday,Average
P2216,Reddit,User_727,Avengers Endgame,What are your thoughts on Avengers Endgame  great boring bad intense intense amazing well acted slow ,1600,5.3,Positive,27-05-2025 12:36,Tuesday,Weekday,Average
P2217,Reddit,User_797,Dune,What are your thoughts on Dune  bad boring amazing confusing bad beautiful great well acted ,8485,5.2,Positive,06-05-2025 12:36,Tuesday,Weekday,Average
P2218,Reddit,User_644,Inception,What are your thoughts on Inception  beautiful amazing exciting amazing beautiful intense amazing amazing well acted ,1695,3,Neutral,16-09-2025 12:36,Tuesday,Weekday,Flop
P2219,IMDB,User_780,Dune,Review of Dune  confusing beautiful exciting beautiful beautiful amazing bad great  Overall  it felt fantastic ,5527,10,Positive,23-08-2025 12:36,Saturday,Weekend,Blockbuster
P2220,Twitter,User_772,Dune,Just watched Dune  beautiful beautiful slow boring intense confusing beautiful bad beautiful confusing   Dune,2598,5.3,Positive,18-09-2025 12:36,Thursday,Weekday,Average
P2221,IMDB,User_115,Joker,Review of Joker  slow beautiful amazing beautiful boring bad exciting great amazing intense  Overall  it felt average ,6763,8.2,Neutral,20-01-2025 12:36,Monday,Weekday,Blockbuster
P2222,Reddit,User_470,Inception,What are your thoughts on Inception  exciting boring intense great well acted amazing slow intense ,2750,5.3,Neutral,26-01-2025 12:36,Sunday,Weekend,Average
P2223,YouTube,User_543,Dune,My quick thoughts on Dune  bad amazing boring boring boring amazing beautiful well acted amazing exciting intense great great great  More details in full video ,2803,6.2,Negative,09-05-2025 12:36,Friday,Weekday,Average
P2224,Twitter,User_742,Dune,Just watched Dune  confusing beautiful well acted exciting great intense great   Dune,4694,5.7,Neutral,14-07-2025 12:36,Monday,Weekday,Average
P2225,IMDB,User_264,Interstellar,Review of Interstellar  boring boring slow great confusing boring slow beautiful confusing beautiful exciting slow confusing  Overall  it felt average ,6266,4.7,Negative,21-10-2025 12:36,Tuesday,Weekday,Flop
P2226,Twitter,User_359,Joker,Just watched Joker  beautiful great confusing intense beautiful exciting boring confusing boring beautiful beautiful well acted bad   Joker,5695,4.2,Negative,23-08-2024 12:36,Friday,Weekday,Flop
P2227,Twitter,User_353,Interstellar,Just watched Interstellar  exciting bad exciting amazing great exciting great bad exciting beautiful   Interstellar,505,5.3,Positive,08-06-2025 12:36,Sunday,Weekend,Average
P2228,YouTube,User_71,Inception,My quick thoughts on Inception  bad great confusing beautiful exciting well acted amazing great  More details in full video ,5414,5.3,Positive,29-07-2024 12:36,Monday,Weekday,Average
P2229,YouTube,User_755,Interstellar,My quick thoughts on Interstellar  slow boring bad amazing amazing well acted confusing slow  More details in full video ,1464,5.3,Negative,07-12-2024 12:36,Saturday,Weekend,Average
P2230,Reddit,User_743,Dune,What are your thoughts on Dune  confusing slow slow amazing confusing bad confusing well acted slow exciting intense ,7154,5.3,Positive,24-09-2024 12:36,Tuesday,Weekday,Average
P2231,IMDB,User_483,Interstellar,Review of Interstellar  beautiful exciting slow beautiful intense well acted exciting amazing  Overall  it felt fantastic ,8448,5.3,Neutral,17-11-2025 12:36,Monday,Weekday,Average
P2232,YouTube,User_305,Oppenheimer,My quick thoughts on Oppenheimer  well acted bad amazing well acted exciting beautiful bad great intense great intense  More details in full video ,6024,5.3,Neutral,15-05-2025 12:36,Thursday,Weekday,Average
P2233,YouTube,User_532,Joker,My quick thoughts on Joker  beautiful great confusing beautiful amazing well acted great boring well acted bad slow intense confusing  More details in full video ,2326,5.3,Neutral,27-10-2024 12:36,Sunday,Weekend,Average
P2234,IMDB,User_546,Oppenheimer,Review of Oppenheimer  intense slow amazing slow confusing amazing confusing slow  Overall  it felt disappointing ,5945,5.3,Positive,12-07-2025 12:36,Saturday,Weekend,Average
P2235,Reddit,User_601,Avengers Endgame,What are your thoughts on Avengers Endgame  intense slow exciting beautiful great amazing beautiful beautiful bad exciting amazing intense ,4727,3.9,Positive,07-08-2024 12:36,Wednesday,Weekday,Flop
P2236,Twitter,User_527,Joker,Just watched Joker  great slow great great great amazing bad   Joker,2290,8.4,Positive,12-02-2025 12:36,Wednesday,Weekday,Blockbuster
P2237,Reddit,User_91,Oppenheimer,What are your thoughts on Oppenheimer  boring exciting intense slow slow bad intense amazing exciting bad bad ,213,7.8,Neutral,21-11-2024 12:36,Thursday,Weekday,Average
P2238,Twitter,User_768,Interstellar,Just watched Interstellar  intense exciting great confusing great intense amazing exciting boring well acted beautiful   Interstellar,4881,1.6,Negative,03-11-2025 12:36,Monday,Weekday,Flop
P2239,IMDB,User_599,Joker,Review of Joker  exciting amazing bad great boring well acted well acted confusing  Overall  it felt fantastic ,4528,6.2,Positive,03-07-2025 12:36,Thursday,Weekday,Average
P2240,IMDB,User_373,Inception,Review of Inception  great great well acted boring well acted exciting well acted intense well acted  Overall  it felt disappointing ,3325,1.9,Positive,27-10-2025 12:36,Monday,Weekday,Flop
P2241,YouTube,User_360,Oppenheimer,My quick thoughts on Oppenheimer  amazing well acted beautiful confusing well acted boring confusing confusing boring confusing boring  More details in full video ,9276,5.3,Negative,01-10-2025 12:36,Wednesday,Weekday,Average
P2242,Reddit,User_721,Interstellar,What are your thoughts on Interstellar  amazing confusing great confusing beautiful bad boring amazing beautiful amazing intense beautiful intense ,3567,5.3,Neutral,13-04-2025 12:36,Sunday,Weekend,Average
P2243,YouTube,User_397,Avengers Endgame,My quick thoughts on Avengers Endgame  boring slow intense amazing beautiful bad well acted exciting confusing  More details in full video ,5737,5.5,Negative,24-06-2025 12:36,Tuesday,Weekday,Average
P2244,Reddit,User_571,Dune,What are your thoughts on Dune  bad bad boring intense intense intense intense boring well acted ,2542,1.3,Positive,03-11-2025 12:36,Monday,Weekday,Flop
P2245,IMDB,User_323,Oppenheimer,Review of Oppenheimer  intense intense well acted great slow exciting great slow beautiful intense amazing confusing  Overall  it felt average ,2550,5.3,Neutral,14-11-2025 12:36,Friday,Weekday,Average
P2246,Reddit,User_471,Dune,What are your thoughts on Dune  intense confusing exciting exciting beautiful confusing slow exciting confusing intense well acted boring slow boring ,3935,3.2,Negative,14-02-2025 12:36,Friday,Weekday,Flop
P2247,Reddit,User_280,Oppenheimer,What are your thoughts on Oppenheimer  great bad well acted boring slow intense great slow confusing ,522,5.1,Neutral,12-04-2025 12:36,Saturday,Weekend,Average
P2248,IMDB,User_134,Joker,Review of Joker  confusing great boring boring beautiful beautiful intense confusing intense  Overall  it felt fantastic ,3478,9.5,Positive,02-12-2024 12:36,Monday,Weekday,Blockbuster
P2249,Twitter,User_686,Joker,Just watched Joker  intense intense amazing slow bad bad amazing amazing boring   Joker,3284,5.3,Positive,28-08-2025 12:36,Thursday,Weekday,Average
P2250,Reddit,User_424,Interstellar,What are your thoughts on Interstellar  great well acted great amazing well acted bad great great bad confusing slow intense exciting intense ,6614,5.3,Neutral,04-11-2024 12:36,Monday,Weekday,Average
P2251,IMDB,User_231,Inception,Review of Inception  great beautiful amazing well acted boring great great slow bad  Overall  it felt average ,9591,2.1,Neutral,01-10-2024 12:36,Tuesday,Weekday,Flop
P2252,Twitter,User_402,Dune,Just watched Dune  boring intense bad slow intense exciting exciting great confusing well acted   Dune,9260,8.4,Neutral,02-02-2025 12:36,Sunday,Weekend,Blockbuster
P2253,Reddit,User_628,Avengers Endgame,What are your thoughts on Avengers Endgame  slow amazing amazing exciting boring bad bad ,6149,5.3,Positive,11-06-2025 12:36,Wednesday,Weekday,Average
P2254,Twitter,User_661,Joker,Just watched Joker  great exciting boring intense confusing great great beautiful intense amazing well acted beautiful slow   Joker,5366,2.4,Neutral,11-04-2025 12:36,Friday,Weekday,Flop
P2255,Reddit,User_541,Joker,What are your thoughts on Joker  great confusing exciting beautiful exciting bad ,1331,5.3,Negative,19-06-2025 12:36,Thursday,Weekday,Average
P2256,Twitter,User_773,Joker,Just watched Joker  confusing bad exciting beautiful intense bad   Joker,8278,5.3,Positive,14-02-2025 12:36,Friday,Weekday,Average
P2257,Twitter,User_771,Avengers Endgame,Just watched Avengers Endgame  great exciting slow bad well acted well acted beautiful   AvengersEndgame,8571,5.3,Negative,10-06-2025 12:36,Tuesday,Weekday,Average
P2258,Twitter,User_224,Avengers Endgame,Just watched Avengers Endgame  amazing great beautiful amazing intense amazing intense slow   AvengersEndgame,6083,5.3,Neutral,07-01-2025 12:36,Tuesday,Weekday,Average
P2259,IMDB,User_243,Joker,Review of Joker  exciting amazing slow bad intense boring amazing slow intense boring well acted amazing confusing boring  Overall  it felt fantastic ,1252,5.3,Neutral,08-04-2025 12:36,Tuesday,Weekday,Average
P2260,Twitter,User_259,Dune,Just watched Dune  intense bad bad great beautiful amazing intense   Dune,3206,3,Positive,06-08-2024 12:36,Tuesday,Weekday,Flop
P2261,Reddit,User_139,Oppenheimer,What are your thoughts on Oppenheimer  slow intense exciting exciting beautiful amazing boring great intense boring beautiful ,161,7.8,Negative,04-09-2025 12:36,Thursday,Weekday,Average
P2262,YouTube,User_710,Dune,My quick thoughts on Dune  amazing boring slow bad well acted intense beautiful amazing bad amazing  More details in full video ,4354,7,Neutral,14-05-2025 12:36,Wednesday,Weekday,Average
P2263,Twitter,User_746,Dune,Just watched Dune  exciting intense exciting beautiful exciting exciting amazing amazing slow exciting great   Dune,6268,5.3,Negative,19-11-2024 12:36,Tuesday,Weekday,Average
P2264,Twitter,User_244,Inception,Just watched Inception  boring boring intense beautiful boring amazing great   Inception,3428,5.6,Positive,01-05-2025 12:36,Thursday,Weekday,Average
P2265,IMDB,User_58,Interstellar,Review of Interstellar  amazing great confusing boring amazing beautiful well acted slow amazing slow  Overall  it felt disappointing ,1545,5.4,Positive,15-09-2025 12:36,Monday,Weekday,Average
P2266,IMDB,User_357,Oppenheimer,Review of Oppenheimer  great well acted exciting confusing bad great well acted well acted  Overall  it felt disappointing ,201,5.3,Neutral,22-10-2025 12:36,Wednesday,Weekday,Average
P2267,Reddit,User_467,Avengers Endgame,What are your thoughts on Avengers Endgame  bad boring bad slow bad exciting slow well acted ,735,5.3,Neutral,27-07-2025 12:36,Sunday,Weekend,Average
P2268,IMDB,User_106,Inception,Review of Inception  well acted amazing well acted boring beautiful slow  Overall  it felt fantastic ,3744,3.5,Neutral,20-07-2025 12:36,Sunday,Weekend,Flop
P2269,YouTube,User_238,Joker,My quick thoughts on Joker  bad beautiful beautiful boring confusing well acted slow boring boring great great boring intense intense  More details in full video ,3832,5.3,Positive,21-07-2025 12:36,Monday,Weekday,Average
P2270,Twitter,User_193,Inception,Just watched Inception  slow well acted amazing confusing great amazing confusing well acted boring amazing intense confusing   Inception,5918,3.7,Neutral,29-11-2025 12:36,Saturday,Weekend,Flop
P2271,IMDB,User_454,Inception,Review of Inception  exciting beautiful amazing amazing confusing slow boring exciting boring bad well acted beautiful bad amazing  Overall  it felt fantastic ,8670,5.2,Negative,17-05-2025 12:36,Saturday,Weekend,Average
P2272,Reddit,User_163,Oppenheimer,What are your thoughts on Oppenheimer  amazing exciting exciting well acted amazing confusing well acted slow bad ,8310,5.3,Positive,28-07-2025 12:36,Monday,Weekday,Average
P2273,Twitter,User_790,Dune,Just watched Dune  boring confusing exciting intense well acted bad great boring boring amazing slow intense   Dune,4740,5.3,Negative,23-09-2025 12:36,Tuesday,Weekday,Average
P2274,IMDB,User_38,Interstellar,Review of Interstellar  bad intense bad intense great beautiful exciting boring boring intense boring slow  Overall  it felt disappointing ,9318,7.4,Negative,02-07-2025 12:36,Wednesday,Weekday,Average
P2275,Twitter,User_575,Inception,Just watched Inception  slow amazing slow beautiful well acted great well acted   Inception,5841,5.3,Neutral,23-08-2025 12:36,Saturday,Weekend,Average
P2276,YouTube,User_757,Inception,My quick thoughts on Inception  well acted exciting slow well acted great well acted bad bad boring slow exciting great boring exciting  More details in full video ,3406,5.3,Negative,09-10-2024 12:36,Wednesday,Weekday,Average
P2277,YouTube,User_432,Dune,My quick thoughts on Dune  exciting slow well acted well acted slow intense boring intense well acted exciting confusing  More details in full video ,4171,5.3,Neutral,20-05-2025 12:36,Tuesday,Weekday,Average
P2278,Twitter,User_178,Joker,Just watched Joker  confusing boring boring boring well acted great intense confusing amazing bad   Joker,6892,5.3,Positive,04-08-2024 12:36,Sunday,Weekend,Average
P2279,YouTube,User_414,Interstellar,My quick thoughts on Interstellar  boring slow slow beautiful beautiful bad  More details in full video ,8937,7.5,Neutral,23-08-2025 12:36,Saturday,Weekend,Average
P2280,IMDB,User_91,Inception,Review of Inception  amazing confusing beautiful bad amazing slow great intense well acted  Overall  it felt fantastic ,2990,5.3,Positive,04-09-2024 12:36,Wednesday,Weekday,Average
P2281,Reddit,User_722,Interstellar,What are your thoughts on Interstellar  bad confusing slow well acted slow great exciting confusing boring boring ,2294,5.3,Positive,15-09-2025 12:36,Monday,Weekday,Average
P2282,Reddit,User_491,Avengers Endgame,What are your thoughts on Avengers Endgame  slow slow great confusing amazing bad bad exciting great boring bad well acted slow ,2752,7.8,Negative,13-09-2024 12:36,Friday,Weekday,Average
P2283,Twitter,User_724,Inception,Just watched Inception  bad slow amazing great beautiful great boring   Inception,9920,5.3,Negative,14-12-2024 12:36,Saturday,Weekend,Average
P2284,IMDB,User_697,Avengers Endgame,Review of Avengers Endgame  amazing bad slow bad beautiful confusing exciting confusing boring  Overall  it felt fantastic ,4062,8.9,Positive,11-08-2025 12:36,Monday,Weekday,Blockbuster
P2285,YouTube,User_270,Joker,My quick thoughts on Joker  well acted amazing exciting amazing intense confusing great beautiful slow well acted slow slow bad  More details in full video ,9702,2.3,Positive,21-07-2025 12:36,Monday,Weekday,Flop
P2286,YouTube,User_561,Interstellar,My quick thoughts on Interstellar  confusing great boring well acted bad well acted amazing amazing  More details in full video ,879,5.3,Negative,20-11-2025 12:36,Thursday,Weekday,Average
P2287,Reddit,User_484,Joker,What are your thoughts on Joker  well acted great well acted great confusing beautiful great slow ,6048,6,Positive,29-07-2025 12:36,Tuesday,Weekday,Average
P2288,Reddit,User_798,Dune,What are your thoughts on Dune  bad amazing intense well acted amazing bad great intense amazing ,1690,5.3,Negative,22-10-2025 12:36,Wednesday,Weekday,Average
P2289,YouTube,User_309,Interstellar,My quick thoughts on Interstellar  well acted well acted exciting intense beautiful bad great boring bad slow confusing  More details in full video ,9765,4.8,Negative,09-11-2025 12:36,Sunday,Weekend,Flop
P2290,IMDB,User_352,Oppenheimer,Review of Oppenheimer  confusing exciting great amazing beautiful bad amazing amazing confusing bad  Overall  it felt disappointing ,1365,1.6,Negative,02-04-2025 12:36,Wednesday,Weekday,Flop
P2291,IMDB,User_581,Avengers Endgame,Review of Avengers Endgame  beautiful amazing bad amazing exciting well acted intense exciting  Overall  it felt disappointing ,6764,5.9,Neutral,16-05-2025 12:36,Friday,Weekday,Average
P2292,IMDB,User_8,Dune,Review of Dune  slow boring boring confusing well acted slow bad confusing beautiful great great intense great  Overall  it felt fantastic ,6034,4.3,Neutral,15-03-2025 12:36,Saturday,Weekend,Flop
P2293,Twitter,User_268,Interstellar,Just watched Interstellar  slow well acted boring slow amazing bad confusing   Interstellar,4083,5.3,Negative,20-07-2025 12:36,Sunday,Weekend,Average
P2294,Twitter,User_269,Joker,Just watched Joker  boring confusing amazing confusing beautiful bad well acted intense confusing amazing amazing exciting   Joker,1012,5.7,Negative,16-10-2024 12:36,Wednesday,Weekday,Average
P2295,Twitter,User_290,Oppenheimer,Just watched Oppenheimer  amazing bad beautiful well acted bad slow   Oppenheimer,9557,5.3,Negative,18-08-2025 12:36,Monday,Weekday,Average
P2296,Twitter,User_398,Dune,Just watched Dune  bad beautiful great great boring boring   Dune,1816,2.6,Neutral,12-01-2025 12:36,Sunday,Weekend,Flop
P2297,Reddit,User_225,Oppenheimer,What are your thoughts on Oppenheimer  boring boring bad slow beautiful beautiful boring beautiful beautiful well acted ,6808,5.3,Positive,24-11-2024 12:36,Sunday,Weekend,Average
P2298,Reddit,User_19,Dune,What are your thoughts on Dune  great beautiful boring great bad boring exciting bad ,9932,8.9,Negative,30-10-2024 12:36,Wednesday,Weekday,Blockbuster
P2299,IMDB,User_417,Joker,Review of Joker  beautiful well acted amazing boring amazing beautiful confusing intense  Overall  it felt fantastic ,9315,1,Positive,30-09-2024 12:36,Monday,Weekday,Flop
P2300,IMDB,User_176,Oppenheimer,Review of Oppenheimer  confusing exciting boring boring amazing confusing well acted bad slow exciting intense  Overall  it felt fantastic ,395,7.3,Neutral,10-10-2025 12:36,Friday,Weekday,Average
P2301,Twitter,User_164,Joker,Just watched Joker  intense intense well acted exciting confusing well acted   Joker,2888,5.3,Negative,24-11-2025 12:36,Monday,Weekday,Average
P2302,Twitter,User_24,Joker,Just watched Joker  beautiful well acted well acted great well acted confusing well acted amazing slow bad confusing slow   Joker,3341,2.7,Negative,28-05-2025 12:36,Wednesday,Weekday,Flop
P2303,IMDB,User_552,Avengers Endgame,Review of Avengers Endgame  boring confusing great slow great beautiful amazing intense exciting great confusing slow bad confusing  Overall  it felt average ,7423,5.3,Neutral,20-03-2025 12:36,Thursday,Weekday,Average
P2304,Twitter,User_238,Oppenheimer,Just watched Oppenheimer  confusing great confusing great confusing beautiful amazing boring beautiful well acted slow boring well acted   Oppenheimer,14,2.4,Neutral,21-08-2025 12:36,Thursday,Weekday,Flop
P2305,IMDB,User_373,Avengers Endgame,Review of Avengers Endgame  exciting great beautiful exciting amazing beautiful bad bad amazing well acted confusing well acted confusing intense  Overall  it felt disappointing ,1564,5.3,Negative,29-09-2025 12:36,Monday,Weekday,Average
P2306,Twitter,User_536,Avengers Endgame,Just watched Avengers Endgame  boring beautiful great exciting confusing exciting well acted bad exciting beautiful   AvengersEndgame,3956,4,Positive,01-11-2024 12:36,Friday,Weekday,Flop
P2307,IMDB,User_282,Interstellar,Review of Interstellar  bad beautiful intense boring confusing boring bad amazing intense amazing  Overall  it felt fantastic ,2580,8.6,Negative,26-04-2025 12:36,Saturday,Weekend,Blockbuster
P2308,IMDB,User_38,Dune,Review of Dune  great great boring well acted exciting great boring well acted  Overall  it felt disappointing ,3828,7.3,Negative,09-10-2025 12:36,Thursday,Weekday,Average
P2309,Reddit,User_536,Inception,What are your thoughts on Inception  bad amazing amazing confusing well acted slow well acted beautiful exciting ,2801,5.3,Neutral,31-01-2025 12:36,Friday,Weekday,Average
P2310,Reddit,User_643,Interstellar,What are your thoughts on Interstellar  boring intense exciting intense boring beautiful amazing bad confusing great beautiful slow beautiful great ,4435,9.8,Neutral,13-04-2025 12:36,Sunday,Weekend,Blockbuster
P2311,Twitter,User_126,Avengers Endgame,Just watched Avengers Endgame  amazing exciting well acted confusing great exciting boring   AvengersEndgame,9225,5.3,Positive,16-03-2025 12:36,Sunday,Weekend,Average
P2312,YouTube,User_448,Interstellar,My quick thoughts on Interstellar  confusing beautiful intense boring confusing intense bad well acted bad  More details in full video ,1215,5.3,Positive,20-06-2025 12:36,Friday,Weekday,Average
P2313,Twitter,User_491,Inception,Just watched Inception  slow amazing confusing slow intense great bad intense well acted amazing great slow confusing   Inception,8119,8.9,Negative,28-09-2025 12:36,Sunday,Weekend,Blockbuster
P2314,YouTube,User_170,Inception,My quick thoughts on Inception  great well acted boring great intense bad  More details in full video ,1122,4.3,Negative,27-10-2024 12:36,Sunday,Weekend,Flop
P2315,YouTube,User_306,Joker,My quick thoughts on Joker  great intense boring confusing bad confusing exciting bad  More details in full video ,7222,3.4,Negative,13-03-2025 12:36,Thursday,Weekday,Flop
P2316,Reddit,User_310,Inception,What are your thoughts on Inception  intense slow boring amazing well acted amazing slow beautiful beautiful well acted ,6729,5.3,Negative,13-09-2025 12:36,Saturday,Weekend,Average
P2317,Twitter,User_708,Inception,Just watched Inception  amazing bad boring well acted amazing exciting amazing slow exciting amazing confusing amazing intense   Inception,9027,2.5,Negative,25-08-2024 12:36,Sunday,Weekend,Flop
P2318,Twitter,User_431,Oppenheimer,Just watched Oppenheimer  boring slow intense confusing beautiful exciting amazing well acted beautiful amazing   Oppenheimer,1500,5.3,Negative,12-09-2025 12:36,Friday,Weekday,Average
P2319,IMDB,User_279,Avengers Endgame,Review of Avengers Endgame  intense bad boring boring beautiful amazing intense intense boring beautiful  Overall  it felt average ,7452,5.3,Negative,18-06-2025 12:36,Wednesday,Weekday,Average
P2320,Twitter,User_619,Joker,Just watched Joker  exciting beautiful bad confusing bad exciting amazing beautiful bad beautiful   Joker,1936,8.8,Positive,25-04-2025 12:36,Friday,Weekday,Blockbuster
P2321,IMDB,User_410,Dune,Review of Dune  boring great slow great beautiful exciting boring well acted amazing  Overall  it felt disappointing ,9293,9.9,Neutral,16-04-2025 12:36,Wednesday,Weekday,Blockbuster
P2322,YouTube,User_490,Inception,My quick thoughts on Inception  slow beautiful amazing bad well acted slow exciting bad  More details in full video ,6683,5.3,Negative,08-09-2025 12:36,Monday,Weekday,Average
P2323,YouTube,User_620,Dune,My quick thoughts on Dune  amazing well acted confusing confusing beautiful well acted beautiful boring  More details in full video ,6144,5.6,Negative,28-10-2025 12:36,Tuesday,Weekday,Average
P2324,IMDB,User_658,Avengers Endgame,Review of Avengers Endgame  great confusing confusing slow beautiful well acted intense exciting exciting  Overall  it felt fantastic ,5310,2.9,Neutral,03-04-2025 12:36,Thursday,Weekday,Flop
P2325,IMDB,User_696,Joker,Review of Joker  slow bad intense amazing exciting beautiful beautiful well acted intense  Overall  it felt disappointing ,963,5.3,Neutral,30-10-2024 12:36,Wednesday,Weekday,Average
P2326,Twitter,User_590,Dune,Just watched Dune  slow great well acted exciting intense intense beautiful amazing great great great   Dune,5219,3,Positive,16-12-2024 12:36,Monday,Weekday,Flop
P2327,Twitter,User_94,Oppenheimer,Just watched Oppenheimer  boring exciting bad slow intense beautiful great slow amazing   Oppenheimer,8900,5.3,Positive,03-07-2025 12:36,Thursday,Weekday,Average
P2328,YouTube,User_463,Interstellar,My quick thoughts on Interstellar  intense confusing boring beautiful great bad confusing exciting confusing beautiful exciting exciting well acted confusing  More details in full video ,1890,5.3,Neutral,29-05-2025 12:36,Thursday,Weekday,Average
P2329,Twitter,User_23,Inception,Just watched Inception  boring amazing beautiful well acted slow slow well acted well acted bad   Inception,717,9.4,Negative,20-12-2024 12:36,Friday,Weekday,Blockbuster
P2330,YouTube,User_176,Oppenheimer,My quick thoughts on Oppenheimer  bad great great bad beautiful slow well acted great intense boring well acted exciting  More details in full video ,6018,5.3,Negative,17-09-2024 12:36,Tuesday,Weekday,Average
P2331,IMDB,User_248,Oppenheimer,Review of Oppenheimer  slow intense boring amazing slow beautiful intense confusing boring amazing bad  Overall  it felt disappointing ,4711,7.7,Negative,03-07-2025 12:36,Thursday,Weekday,Average
P2332,Reddit,User_642,Inception,What are your thoughts on Inception  confusing great beautiful great slow slow confusing ,7353,6.6,Neutral,17-07-2025 12:36,Thursday,Weekday,Average
P2333,YouTube,User_498,Joker,My quick thoughts on Joker  exciting slow confusing bad beautiful exciting exciting confusing well acted amazing boring  More details in full video ,7026,8,Neutral,31-08-2025 12:36,Sunday,Weekend,Blockbuster
P2334,YouTube,User_431,Avengers Endgame,My quick thoughts on Avengers Endgame  great exciting slow amazing amazing intense great boring  More details in full video ,6655,6,Positive,16-08-2024 12:36,Friday,Weekday,Average
P2335,IMDB,User_485,Oppenheimer,Review of Oppenheimer  slow slow great amazing bad slow slow  Overall  it felt average ,5096,5.3,Negative,01-12-2024 12:36,Sunday,Weekend,Average
P2336,Reddit,User_445,Inception,What are your thoughts on Inception  well acted boring amazing bad slow intense great ,9131,5.3,Positive,10-12-2024 12:36,Tuesday,Weekday,Average
P2337,Reddit,User_6,Dune,What are your thoughts on Dune  beautiful confusing amazing well acted beautiful bad great intense amazing boring intense boring ,20,5.3,Positive,15-11-2024 12:36,Friday,Weekday,Average
P2338,Twitter,User_358,Dune,Just watched Dune  well acted bad amazing well acted beautiful beautiful well acted boring confusing exciting beautiful exciting   Dune,6381,5.3,Positive,15-04-2025 12:36,Tuesday,Weekday,Average
P2339,Reddit,User_707,Inception,What are your thoughts on Inception  beautiful slow boring confusing bad confusing ,5354,2.6,Positive,16-10-2025 12:36,Thursday,Weekday,Flop
P2340,YouTube,User_487,Avengers Endgame,My quick thoughts on Avengers Endgame  slow confusing exciting great slow confusing  More details in full video ,1900,5.3,Neutral,29-05-2025 12:36,Thursday,Weekday,Average
P2341,Reddit,User_211,Oppenheimer,What are your thoughts on Oppenheimer  well acted slow confusing slow exciting amazing great intense boring great ,1574,5.3,Negative,27-10-2025 12:36,Monday,Weekday,Average
P2342,Twitter,User_349,Inception,Just watched Inception  boring boring bad well acted great exciting boring slow great boring great exciting intense   Inception,2782,5.3,Neutral,27-07-2025 12:36,Sunday,Weekend,Average
P2343,Reddit,User_131,Interstellar,What are your thoughts on Interstellar  boring well acted amazing beautiful boring great confusing great slow boring bad ,4337,1.3,Neutral,20-11-2024 12:36,Wednesday,Weekday,Flop
P2344,Twitter,User_292,Joker,Just watched Joker  beautiful bad beautiful amazing intense slow beautiful intense confusing well acted   Joker,6049,5.3,Negative,18-11-2025 12:36,Tuesday,Weekday,Average
P2345,Twitter,User_466,Dune,Just watched Dune  intense exciting slow great beautiful exciting bad great confusing amazing exciting exciting intense exciting   Dune,1172,7.5,Negative,28-05-2025 12:36,Wednesday,Weekday,Average
P2346,Twitter,User_292,Dune,Just watched Dune  intense amazing slow intense amazing amazing confusing boring bad   Dune,1076,5.3,Negative,07-10-2025 12:36,Tuesday,Weekday,Average
P2347,Reddit,User_53,Joker,What are your thoughts on Joker  confusing great confusing great intense amazing well acted bad exciting exciting great exciting ,7147,9.6,Positive,24-11-2024 12:36,Sunday,Weekend,Blockbuster
P2348,IMDB,User_49,Oppenheimer,Review of Oppenheimer  confusing exciting well acted well acted bad confusing exciting great  Overall  it felt average ,3060,6.6,Neutral,03-01-2025 12:36,Friday,Weekday,Average
P2349,IMDB,User_487,Dune,Review of Dune  bad confusing great exciting boring great well acted exciting beautiful  Overall  it felt average ,2009,7.9,Positive,13-03-2025 12:36,Thursday,Weekday,Average
